"name","version","type"
"R","4.0.3","base"
"askpass","1.1","loaded"
"assertthat","0.2.1","loaded"
"bit","4.0.4","loaded"
"bit64","4.0.5","loaded"
"boot","1.3-25","loaded"
"brio","1.1.3","loaded"
"class","7.3-17","loaded"
"classInt","0.4-3","loaded"
"coda","0.19-4","loaded"
"codetools","0.2-16","loaded"
"compiler","4.0.3","loaded"
"crayon","1.4.2","loaded"
"crul","1.2.0","loaded"
"curl","4.3.2","loaded"
"data.tree","1.0.0","loaded"
"DBI","1.1.1","loaded"
"deldir","1.0-6","loaded"
"digest","0.6.29","loaded"
"dplyr","1.0.7","loaded"
"e1071","1.7-9","loaded"
"ellipsis","0.3.2","loaded"
"eppasm","0.5.11","loaded"
"expm","0.999-6","loaded"
"fansi","0.5.0","loaded"
"fastmatch","1.1-3","loaded"
"first90","1.5.2","loaded"
"forcats","0.5.1","loaded"
"foreign","0.8-80","loaded"
"gdata","2.18.0","loaded"
"generics","0.1.1","loaded"
"geojson","0.3.4","loaded"
"geojsonio","0.9.4","loaded"
"geojsonsf","2.0.1","loaded"
"glue","1.5.1","loaded"
"gmodels","2.18.1","loaded"
"grid","4.0.3","loaded"
"gtools","3.9.2","loaded"
"hintr","1.0.20","loaded"
"hms","1.1.1","loaded"
"httpcode","0.3.0","loaded"
"ids","1.0.1","loaded"
"jqr","1.2.2","loaded"
"jsonlite","1.7.2","loaded"
"KernSmooth","2.23-17","loaded"
"lattice","0.20-41","loaded"
"lazyeval","0.2.2","loaded"
"LearnBayes","2.15.1","loaded"
"lifecycle","1.0.1","loaded"
"magrittr","2.0.1","loaded"
"maptools","1.1-2","loaded"
"MASS","7.3-53","loaded"
"Matrix","1.4-0","loaded"
"naomi","2.6.4","loaded"
"nlme","3.1-149","loaded"
"openssl","1.4.5","loaded"
"parallel","4.0.3","loaded"
"pillar","1.6.4","loaded"
"pkgconfig","2.0.3","loaded"
"prettyunits","1.1.1","loaded"
"proxy","0.4-26","loaded"
"purrr","0.3.4","loaded"
"R6","2.5.1","loaded"
"raster","3.5-2","loaded"
"Rcpp","1.0.7","loaded"
"readr","2.1.1","loaded"
"redux","1.1.0","loaded"
"rgeos","0.5-8","loaded"
"rlang","0.4.12","loaded"
"rrq","0.5.4","loaded"
"s2","1.0.7","loaded"
"sf","1.0-4","loaded"
"sp","1.4-6","loaded"
"spData","2.0.1","loaded"
"spdep","1.1-12","loaded"
"splines","4.0.3","loaded"
"stringi","1.7.6","loaded"
"terra","1.4-22","loaded"
"tibble","3.1.6","loaded"
"tidyr","1.1.4","loaded"
"tidyselect","1.1.1","loaded"
"TMB","1.7.22","loaded"
"tools","4.0.3","loaded"
"traduire","0.0.6","loaded"
"tzdb","0.2.0","loaded"
"units","0.7-2","loaded"
"utf8","1.2.2","loaded"
"uuid","1.0-3","loaded"
"V8","3.6.0","loaded"
"vctrs","0.3.8","loaded"
"vroom","1.5.7","loaded"
"wk","0.5.0","loaded"
"yaml","2.2.1","loaded"
"zoo","1.8-9","loaded"
