"NaomiCheckPermPrimKey","NaomiCheckDes","TrueFalse"
"ART_is_Spectrum","Naomi number on ART 2015 to present is Spectrum national total on ART",FALSE
"ANC_is_Spectrum","Naomi num ANC clients 2015 to present is Spectrum ANC testing cascade",FALSE
"Package_created","Naomi package created",TRUE
"Package_has_all_data","Naomi package has all data from upload or ADR",TRUE
"Opt_recent_qtr","Model Options - Most recent calendar quarter selected",FALSE
"Opt_future_proj_qtr","Model Options - Future projection quarter selected",TRUE
"Opt_area_ID_selected","Model Options - National area_id selected",TRUE
"Opt_calendar_survey_match","Model Options - T1 calendar quarter matches one survey",TRUE
"Opt_recent_survey_only","Model Options - Only most recent survey included (also TRUE for known special cases)",TRUE
"Opt_ART_coverage","Model Options - ART coverage included if availble ",TRUE
"Opt_ANC_data","Model Options - ANC data included if avaialble",TRUE
"Opt_ART_data","Model Options - ART data included if available",TRUE
"Opt_ART_attendance_yes","Model Options - ART attendance = Yes",TRUE
"Model_fit","Naomi output returned (model was fit)",TRUE
"Cal_PLHIV","NAVIGGATOR_CAL_PLHIV_DESC",TRUE
"Cal_ART","Calibration - Spectrum ART national (subnational if Spectrum subnational)",TRUE
"Cal_KOS","Calibration - Spectrum KOS national (subnational if Spectrum subnational)",TRUE
"Cal_new_infections","Calibration - Spectrum new infections national (subnational if Spectrum subnational)",TRUE
"Cal_method","Calibration - method is logistic",TRUE
