"indicator","indicator_label","description","parameter","indicator_sort_order","anc_indicator","format","scale"
"population","Population","Population size","population_out",1,FALSE,,
"prevalence","HIV prevalence","Proportion of total population HIV positive","rho_out",2,FALSE,,
"plhiv","PLHIV","Number of people living with HIV","plhiv_out",3,FALSE,,
"art_coverage","ART coverage","Proportion of PLHIV on ART (residents)","alpha_out",4,FALSE,,
"art_current_residents","ART number (residents)","Number on ART (residents)","artnum_out",5,FALSE,,
"art_current","ART number (attending)","Number receiving ART (attending)","artattend_out",6,FALSE,,
"untreated_plhiv_num","PLHIV not on ART","Number of PLHIV not on ART","untreated_plhiv_num_out",7,FALSE,,
"aware_plhiv_prop","Proportion PLHIV aware","Proportion of PLHIV aware of HIV positive status","aware_plhiv_prop_out",8,FALSE,,
"unaware_plhiv_num","Number PLHIV unaware","Number PLHIV unaware of HIV positive status","unaware_plhiv_num_out",9,FALSE,,
"aware_plhiv_num","Number PLHIV aware","INDICATOR_LABEL_AWARE_PLHIV_NUM","aware_plhiv_num_out",10,FALSE,,
"incidence","HIV incidence","HIV incidence rate per year","lambda_out",11,FALSE,,
"infections","New infections","Number of new infections per year","infections_out",12,FALSE,,
"anc_prevalence","ANC HIV prevalence","HIV prevalence among ANC attendees","anc_rho_out",13,TRUE,,
"anc_art_coverage","ANC prior ART coverage","ART coverage among ANC attendees prior to first ANC","anc_alpha_out",14,TRUE,,
"anc_clients","ANC clients","Total number attending first ANC","anc_clients_out",15,TRUE,,
"anc_plhiv","HIV positive ANC attendees","Number of HIV positive women attending ANC","anc_plhiv_out",16,TRUE,,
"anc_already_art","ANC attendees already on ART","Number already on ART prior prior to first ANC visit","anc_already_art_out",17,TRUE,,
"anc_art_new","ART initiations at ANC","Number of pregnant women initiated on ART at ANC","anc_art_new_out",18,TRUE,,
"anc_known_pos","ANC known positive","Number of HIV positive ANC attendees aware of status prior to first ANC visit","anc_known_pos_out",19,TRUE,,
"anc_tested_pos","ANC tested positive","Number of HIV positive ANC attendees tested at ANC","anc_tested_pos_out",20,TRUE,,
"anc_tested_neg","ANC tested negative","Number of HIV negative ANC attendees tested at ANC","anc_tested_neg_out",21,TRUE,,
"population_ratio","Population ratio","NA",,22,FALSE,,
"plhiv_ratio","PLHIV ratio","NA",,23,FALSE,,
"infections_ratio","New infections ratio","NA",,24,FALSE,,
"art_current_ratio","ART number (attending) ratio","NA",,25,FALSE,,
"unaware_plhiv_num_ratio","Number PLHIV unaware ratio","NA",,26,FALSE,,
"prevalence_ratio","HIV prevalence ratio","NA",,27,FALSE,,
"art_coverage_ratio","ART coverage ratio","NA",,28,FALSE,,
"aware_plhiv_prop_ratio","Proportion PLHIV aware ratio","NA",,29,FALSE,,
"incidence_ratio","Incidence ratio","NA",,30,FALSE,,
